{"cameraMode":{"drawMode":0,"name":"Shaded","section":"Shading Mode"},"sceneLighting":true,"audioPlay":true,"sceneViewState":{"m_AlwaysRefresh":false,"showFog":true,"showSkybox":true,"showFlares":true,"showImageEffects":true,"showParticleSystems":true,"showVisualEffectGraphs":true,"m_FxEnabled":true},"in2DMode":false,"pivot":{"x":22.795743942260743,"y":0.000003204973154424806,"z":-26.885263442993165},"rotation":{"x":0.6716763377189636,"y":0.05126995965838432,"z":-0.0469975620508194,"w":0.7377029061317444},"size":15.433728218078614,"orthographic":true}